title,acting,diretion,music,story,effect
10 Cloverfield Lane,0.04439537448977669,0.023587116000690474,0.050573430010201335,0.04012205997434013,0.017440554341144558
10 Things I Hate About You,0.0475078730556728,0.04880003940518103,0,0,0.052332626010114236
12 Angry Men,0.0776713612883227,0.05089500564681915,0.071653927674076,0.06563649405982928,0.051313508170719974
12 Years a Slave,0.00977862421423945,0.02636305951150894,0.011073671901458818,0.023985878452818153,0.02285138434728609
127 Hours,0.02755237768183114,0.04445829947395339,0.11013071862840962,0,0.031713351111065075
1408,0.03583047715864346,-0.005285375082021789,0.00459852115938065,-0.0004296620550641554,0.01456606409657444
1941,0,0,0,0,0
2012,-0.003181195045068863,-0.0015318254644396323,-0.02048044486029522,-0.01488773766752981,0.011824086738650546
21,0.05468482033424575,0.057076057478619394,0.044310736272405046,0.07668528018447654,0.036559819080144995
21 Jump Street,0.023353363388728465,0.027836358883990858,0.044852377646270716,0,0.032913760910634325
22 Jump Street,0.03578520097639282,0.038567345333564367,0.0320941154957272,0.042189695886845874,0.03752797388882591
28 Days Later...,0.06575306621548252,0.004579870479998711,0,0.002050434542949227,0.006424630176412769
28 Weeks Later,0.05056132882272754,0.009930237101080385,0,0.020220953913228704,0.007598621518692892
3 Idiots,0.05529999280697931,0.05271927097430144,0,0,0.05540255547027466
30 Days of Night,0.018478225832708205,0.008016193962696146,0.027959426113377074,0,0.009364703878608821
300,0.02122706867841588,0.018866334011928658,0.016805187040190094,0.02519051983467721,0.012310227590260445
3_10 to Yuma,0.04105069433062706,0.034961042121159865,0.08124507423862722,0,0.032011432541941144
42,0.10562883646102231,0.037109275185278824,0.03682872783979041,0.04055659755982669,0
50 First Dates,0.03670083720148358,0.06054997890160601,0.0634580963134331,0,0.059095920195692465
54,0.03684783387129739,0,0,0,0
8 Mile,0.04463269795113166,0.029677737940459515,0.05299740186039414,0.017113796653735934,0.03132530196581193
A Beautiful Mind,0.04524896836194063,0.04592503365868556,0.08904880140834809,0,0.052782910478797636
A Bug's Life,0.1544110340303817,0.06807675968722195,0.08860889489216654,0,0.04347889762332838
A Night at the Roxbury,0.033423617887836155,0.04560238738605737,0.031568027640744456,0.054099361460786824,0.03651912171427309
A Nightmare on Elm Street,-0.020493886007499983,-0.004610019519401182,0,0,-0.007256331024965163
A Walk to Remember,0,0.024208003174231444,0,0,0
About Time,0.08624839004656722,0.0784825764199953,0.0814751624543382,0.10453294053848208,0.07588990041195132
Abraham Lincoln_ Vampire Hunter,0.01627641881907576,0.015592764049669765,0.023306802804518065,0.010975850570297575,0.02175824016678001
Across the Universe,0.03211813485034805,0.02727792914818447,0.037080323742742664,0,0.029637040404150737
Airlift,0.054574384509544646,0.06193483589649342,0.1291881709999721,0,0.048065927049362495
Alexander,0.01721287835842566,0.016776480913329565,0.026217826684823607,0.008602015700186719,0.02537323964592281
Ali,0.06276946521256693,0.044544852244687086,0.06371889684820721,0.043477729966229145,0.05548454698676549
Alice in Wonderland,0.018353805637171868,0,0.015716594364224554,0,0.019450387405258993
Aliens,0.03233790147531482,0.05275571950440551,0.06610680045142132,0.07901422713155529,0.043865591934703324
Alien_ Covenant,-0.012022919245280114,-0.006482752233750103,-0.006301757364299416,-0.002163185058678671,-0.004032041179982592
Alien_ Resurrection,-0.0021286051044797243,-0.016150466608897462,0.006754233044933654,-0.02097272403136482,-0.014183566592055566
All the President's Men,0.039268495450780594,0.045728767801533,0.09107519589440252,0,0.04254642408973973
American Beauty,0.03338646702325627,0.03682417243245063,0.04091288328760452,0.03570603330196982,0.03893250213782247
American Gangster,0.054680863500804054,0.03944594619257665,0.04151199027029567,0.05418655090266963,0.0447986156668458
American History X,0.05496949258719011,0.02035492920937099,0.021003764295191036,0.03494417018784892,0.030367590409041585
American Hustle,0.036924493503046246,0.0556999751084747,0.04123848922816308,0.046520234887442585,0.05699930662905891
American Pie,0.032025083435661635,0.039273006129770145,0.062481662739272005,0.04535061158700067,0
American Psycho,0.04271412535376192,0.023965998299816025,0,0.02995891523952493,0.024996510476461137
American Sniper,0.028551148614497132,0.014242388473056256,0.036782046015766984,0,0.012475380687940817
Amistad,0.09463817562046943,0.0432341787574735,0.04156862071999619,0.05511622992305353,0.053526442865022526
Anchorman_ The Legend of Ron Burgundy,0.011715961976433835,0.008346881564126687,0.02051591784870071,0.006501785944389061,0.012011567074522183
Angels & Demons,0.04344273999181845,0.033116113605946546,0.06725941526883339,0,0.040978859774249796
Ant-Man,0.05860819424017891,0.040881633944745255,0.040314467177501076,0.03691117467593798,0
Antz,0.041170002395840656,0.03552608317178924,0.05126982725346516,0.05541608649560536,0.027513995649803807
Any Given Sunday,0.035772482292384854,0.03359951524551973,0.06158018984796666,0,0.030922618527757937
Apollo 13,0.10240155440896653,0.08793780529602638,0.11838345197040948,0.12382028562176377,0.05205532497028899
Argo,0.04132337630812401,0.03889084107270305,0.05835946823985218,0,0.04253488542860776
Armageddon,0.01830871608272614,0.012030066670831077,0.012457262060840645,0.0035135347220186016,0.01631058375556115
Arrival,0.040063042003845875,0.02712574260087785,0.05695327297643493,0,0.029577201471646535
As Good as It Gets,0.06767342767136586,0.06874571934437317,0.08705462643371488,0.09891861899410434,0.07965500706696083
Atonement,0.06631834642737235,0.04871309041132154,0.0581458251843551,0.07667712929322079,0.05416143790666637
August Rush,0.0614414791350905,0.048907521762724886,0.07061032623815643,0.05123697866405427,0.08710564489571879
Avatar,0.03771472237084773,0.036029832861944555,0.05802108710884826,0,0.036241989730874696
Avengers_ Age of Ultron,0.02744965595263278,0.024561104544199946,0.01168371824158446,0.02233025587469032,0.021755874889667865
Baby Driver,0.05104002844346469,0.04916497959054887,0.08531056302292087,0,0.047359744411117545
Bad Teacher,0,-0.030980245638970817,-0.04015825735584753,0,0
Balls of Fury,0.005852095315220488,0.015764927029125346,-0.0031161148309987643,0.017055927552446108,0.017897619436506914
BASEketball,0.014614045126244415,0.036573157695311546,0.0049010652155327145,0.024242336359026027,0.07077840292273412
Batman Begins,0.04284787656871815,0.05221175869070464,0.10879120949615878,0,0.03899947231964278
Batman v Superman_ Dawn of Justice,0.015076504096702343,0.02102709826439947,0.053855079739228075,0,0.01677152853698086
Beasts of No Nation,0.0306505031892812,0.027437029604426323,0.04081140237039265,0.030412407737455724,0.03621787728014112
Beauty and the Beast,0.11349920087686437,0.1090892404048864,0.1456578728158091,0.15411197255995285,0.09126362977181633
Beauty and the Beast,0.05321365985431435,0.05508057771760074,0.04489626533723745,0.06001801133295053,0.058179238912344076
Before Sunrise,0.04450885734531376,0.06172138283000836,0.10635862567758142,0,0.04412345409240357
Before Sunset,0.052781778678396715,0.05572865709826367,0.05585806607470319,0.06800413688368889,0.05065990689493433
Being John Malkovich,0.03255855277997435,0.02652855302009748,0.028029268801656217,0.031137479669120907,0.03051942139032027
Ben-Hur,0.08352490512112831,0.06950390878521222,0.08787569410777966,0.08081553747418864,0.074229681168851
Beowulf,0.02597617596861232,0.020338497105825026,0.03328817541031712,0,0.019453128297948652
Bhaag Milkha Bhaag,0.043559429337507276,0.026427706545341507,0,0,0.04870421984403097
Big Fish,0.060719789706564734,0.06679321609282513,0.08845882224393255,0.08711650166722774,0.05147344552744213
Big Hero 6,0.05985016752578436,0.06034917369423484,0.07754536308841527,0,0.05461711056284136
Billy Elliot,0.1307260542451421,0.059014626999135504,0.06040848150800436,0,0.058438159072206335
Black Hawk Down,0.046384962802901164,0.03315799811249699,0.02902122423950488,0.041937688222987254,0.025925946747839445
Black Mass,0.032937465381634376,0.001972703976375695,0.0076350106051606996,0.024482064431710297,0.014543979203436919
Black Snake Moan,0.033422889891434764,0.03092194580112694,0.03814863677459131,0.02155326575597234,0.03957662948905146
Black Swan,0.013261304205216769,0.021204683292367167,0.024680257664472294,0.021777430214052665,0.021981376801945212
Blade,0.05825305161122974,0.05781168619712011,0.06506540099178194,0.07562137438203395,0.05253369950199411
Blade II,0.05443656951866512,0.04851312285259396,0.0714558925624195,0.06686175881903511,0.029971721563410252
Blades of Glory,0.010625177886102725,0.021993847767934734,0.016496854607342272,0.026555529303448927,0
Blood Diamond,0.046909589704146985,0.041414396411378514,0.05706676570778257,0.062029445772260064,0.047702531490785176
Bloody Sunday,0.016687002333242332,0.010739504842380624,0.021023221753194633,0.02535944117314693,0.009978340249903123
Blow,0.11984559451718448,0.06598790155898283,0,0.08317501537629121,0.032994272055836556
Blue Crush,0.03541985131023364,0.03495737114168959,0.04313037955604704,0.02347825829444271,0.04966481029963475
Bolt,0.07495315991440672,0.05628323447473281,0.08315437076645867,0.0688956464510468,0.0568320052544321
Borat_ Cultural Learnings of America for Make Benefit Glorious Nation of Kazakhstan,-0.004898635850930942,-0.005732532657062404,0.006313004333634439,-0.0027975978150102773,0
Brave,0.03948159413758979,0.045031263905108095,0.04033656833180265,0.060189604075517725,0.028318801929718147
Braveheart,0.03004866177608604,0.056791382076211386,0,0,0.03294614603368516
Bridesmaids,0.005335602080626446,0.009923084285692033,0.010130389826715458,0.01507060126197969,0
Bridge of Spies,0.040082284149024094,0.059306954757161634,0.06398078638153464,0.07593675233913003,0.049778366910640366
Bridget Jones's Diary,0.071365743996637,0.05634452891064855,0.08340391609678098,0.06374605912071729,0
Bring It On,0.08190709477554485,0.036460719177511744,0.04638372175569278,0.04609835487709711,0
Brokeback Mountain,0.07472323248900366,0.05201911762411286,0.04895597084674444,0.044452584121468845,0
Bruce Almighty,0.03412815980007109,0.05425439978635278,0.05039327236662076,0.07276201665262161,0.04023392883834043
Burlesque,0.054969882970109685,0.061979376391217915,0.07537407837771831,0,0
Burn After Reading,0.018673843871405634,0.018950763566288765,0.016156296103828103,0,0.013348708158168812
Call Me by Your Name,0.0732607103139606,0.08127665470988749,0.12388820856096412,0,0.07794006301685291
Capote,0.031367210017250735,0.05561356584782509,0.04087870270118852,0.05381034129305007,0.05190409450212958
Captain America_ Civil War,0.06684276268807199,0.05347311407978969,0.052381052177882186,0.06422941046194997,0.02825510718743962
Captain America_ The First Avenger,0.05678192683698674,0.045753514969284384,0.05400476101820482,0.06189735915418397,0.04534574647427627
Captain America_ The Winter Soldier,0.06283362002542921,0.06186321476605861,0.06400409771941022,0.07131504056152607,0.0562756252201975
Captain Corelli's Mandolin,0.035035827983026915,0.04817648452307067,0.02213855691546078,0.044203902559463944,0.04359244723485216
Captain Phillips,0.03866179087468764,0.02409686841546982,0.05398549329772937,0.02154833017143399,0.024693454508873794
Carrie,0.023196063000684733,0.019596263265859594,0.05655110098744823,0,0.01889058563317522
Cars 2,0.021037905681040896,0.027243357154323404,0.022596969658489598,0.023716546506161146,0.02697996111144651
Cars,0.05132720980078662,0.05788158902788988,0.08041755118802844,0.07319641771017504,0.060719258990172796
Casino,0.07641033083937843,0.042668433022992114,0.07017536382877412,0,0.059675380196197586
Casino Royale,0.02077653764355929,0.005158513098372684,0.0070773317505002055,0,0.01040240855953445
Cast Away,0,0,0,0,0.02197205060831753
Catch Me If You Can,0.08639516721630519,0,0,0,0.05240559502021301
Centurion,0.06600560598053767,0.031485707174641595,0,0.05402378888817472,0.027617162147959215
Changeling,0.07538831197033513,0.035130997601699895,0,0.06721172620107743,0.022457059338029023
Chariots of Fire,0.04630984854501472,0,0,0,0.02700667013921834
Charlie and the Chocolate Factory,0.0331992218267495,0.04655620298221974,0.10159738150050956,0,0.03416553497769944
Chicken Run,0.0010096139494974537,0,0,0,-0.0002624823351905904
Child 44,0.023317206541678393,0.005432738147615542,-0.0325302938066452,-2.507978413697834e-05,0.011978463667907224
Children of Men,0.01957047673345462,0.027286710795719177,0.019289943832731204,0.027544074593105074,0.02444954594313259
Cinderella,0,0.010759490884699465,0,0,0.04557659245763189
Cinderella Man,0.08383608031954365,0.06823611320953897,0.06370123349262277,0.0642727050553148,0.05594352752210243
Citizen Kane,0.08335865182693676,0.05139648354989962,0.0508752436824796,0.0627650092062971,0.0646741762287984
Clash of the Titans,0.0025387512978170836,0.010554246652340624,-0.0017570621229633257,0.020246773306686866,0.010003796745947915
Click,0,0,0,0,0.03864618298765467
Closer,0.01186114402272565,0.02401721521278057,0.028310748006906528,0,0.018149769846669377
Cloud Atlas,0.04775366304380086,0.030357158598305,0.057255955887551,0,0.03092461324129333
Cloudy with a Chance of Meatballs,0.040065755547193056,0.037978922024845964,0.04142700042915476,0.05283676436941904,0.028663937496813372
Cloverfield,0.009984267645639781,0.009178341042341498,0.0213681636296085,0,0.010415044613968668
Coach Carter,0,0.028747570651611664,0.049515200727978645,0,0.03196716092423546
Coffee and Cigarettes,0.015118064106306697,0.018552698687915987,0,0,0.015564237283587017
Cold Mountain,0.05965209992711301,0.04419515827690806,0.057353093404454894,0.04592598948709324,0.04742724917930021
Collateral,0.01649104564677396,0.0371626309153705,0.0442653820640731,0.0243868606854608,0.03515919591104899
Con Air,0.004212670749162891,0.008848192358097511,0.022631995432028002,0.026807566098926875,0.005590866415633597
Concussion,0.04416159412427534,0.029005342147596487,0.09111094215020048,0,0.04344798415157278
Constantine,0.014775646302771025,0.002620893281272108,0.006899833688284542,-0.004011311622477856,0.008468676686109561
Contact,0.06261579501427902,0.04386532215436635,0.08651598868848516,0,0.03984590035599651
Control,-0.019898202887822704,0,0,0,0
Coraline,0.02759655588096881,0.01327219631728087,0,0.032373177079201156,0.0007135696837351907
Coriolanus,0,-0.006884217073321084,0,0,0.030735321444466685
Corpse Bride,0.06510724123541908,0.05526425126465477,0.0693279057935148,0.07155172471674073,0.05535142909057145
Coyote Ugly,0,-0.005873613199759953,0,0,-0.03147926914043458
Crash,-0.005812111743942293,0,0,0,0
Crazy Heart,0.03943301029820682,0.046884397414560214,0.0646584110190078,0.06979543401822083,0.04055841108173722
Creed,0.03915656151698695,0.03435782234273903,0.04215269916379255,0.03735146471661917,0.024496435172263277
Cube,0.012639114662823268,0.00017244540848731322,0.01402138116465315,0.006622680680068598,-0.01284671359961155
Dallas Buyers Club,0.01883002387940571,0.0011167778041332524,0.02890518744888777,0,0.01686609686715496
Dark City,0.05670927487392763,0.011123109469966572,0,0.014723272282135765,0.01446684358418619
Dark Shadows,0.015823832197091554,0.008608701827331427,-0.022779955394651153,-0.010849471935907223,0.011117931928829669
Dawn of the Dead,0.04497643588392541,0.03153637208513186,0.06502734108939044,0.04885735544684803,0.021881791401637183
Deadpool,0.022750932249283963,0.025239350692254553,0.030511595438477767,0.03677175225647203,0.01634307150114868
Dear John,0.051611930799238405,0.033878330850826685,0.040689818446184835,0.052854869655150946,0.03052633333460702
Deepwater Horizon,0.04661218728740573,0.03356514475698347,0.09251386786720986,0,0.02141770970067858
Defiance,0.040111630842090816,0.04411557738914324,0.0657268514175378,0.051207745774370275,0.017346563126487993
Despicable Me 2,0.044343479235828334,0.050480544428522484,0.05603037203287445,0.05214559351845424,0.04822825775024854
Despicable Me,0.03002518753288083,0.029173726491787833,0.051882315529514646,0.035849024780846686,0.06368455376346102
Detroit Rock City,0.046242461830253545,0.05422817047490733,0,0.058256677970079794,0.04363510813859808
Die Hard,0.05117049928896779,0.03904567758743165,0.0706498208072899,0.06553319738290633,0.04711641355334609
Dirty Dancing,0.03178495265390398,0.05239549406588311,0,0.047082398870283364,0.03470743453623059
District 9,0.005766838185968102,0.01086607741184528,0.02478587752126321,0,0.011982641128179337
Disturbia,0.030750362355848628,0.023464829194240918,0.01716426027009117,0.030822963759964926,0.027353836834409263
Divergent,0.010368413879700094,0.01794541086773035,-0.007399741128292276,0,0.025921391794536792
Django Unchained,0.029225613427111642,0.023726369559008767,0.025275217847935037,0.03317600900628825,0.02208519757671024
Doctor Strange,0.03391477517400979,0.0500889801679425,0.04313798825656101,0.05336889982684484,0.03993707168254282
Dog Day Afternoon,0.03929313341967443,0.027991780641723363,0.04154949990574299,0.04815590148436721,0.034240391797957875
Don Jon,0.03895504506078985,0.03103430610176861,0.029830412544007378,0.032918931612777536,0.034883093047913045
Don't Breathe,0.026979834540891465,0.01681954452692738,0.052955049185568155,0.03104063801834819,-0.01615219243143624
Donnie Brasco,0.023840398645377705,0.03537938026744689,0,0,0
Donnie Darko,0.011041587914989222,0.014285898343398232,0,0,0.010018576020848921
Dr. Strangelove or_ How I Learned to Stop Worrying and Love the Bomb,0.016151835323849006,0,0.03672434336532329,0,0.011084284272254856
Draft Day,0.018220075034282274,0.05889546673525696,0,0,0.04288999983293213
Drag Me to Hell,-0.01100870417448778,-0.01126031389950352,-0.013012200646682928,0,-0.0115513305646585
Dreamgirls,0.02680714595849255,0.036007194427164047,0,0,0.03389628544962847
Drive,0.011073036667573944,0.008426918744653455,0.02097907174334696,0,0.008468539299674706
Driven,-0.008382149672774931,-0.011880046797225983,-0.008110772407480439,-0.021070649630317552,0.00755967652086819
Dumb and Dumber,0.014880975879260114,0.03167885861483368,0.010324767639295155,0.0511330801801395,0.011591347246116962
Dunkirk,0.08796597720558891,0.019227739000627846,0,0.02949823343960654,0.027135229251071508
Easy A,0.046685124991296845,0,0.026748839165414706,0,0.034667488515748225
Ed Wood,0.034809416264010976,0.04769211938534744,0.054549833189235314,0.06139110039362702,0.04084536998112368
Edge of Tomorrow,0.04461203899272579,0.034749123308802615,0.09614641773982092,0,0.03891823994095075
Edward Scissorhands,0.049160776873998835,0.0549513301148765,0.07828938523863317,0.05184115081798177,0.06515372656432666
Elf,0.03967960319624397,0.04363541768826919,0.06654856729058341,0.04115008802801991,0.051654394268647666
Elizabeth,0.07535148189547274,0.041375131357775305,0.05213428256174293,0.04528033446070773,0.06591690461597773
Elizabeth_ The Golden Age,0.050319381279707656,0.04773016653928199,0.0579017012926549,0.04547885873810957,0.052621549991187906
Elysium,0.045825429456623,0.010534903905365406,0,0,0.016137817663186338
Empire Records,0.03147490934148199,0.026382896081025824,0.048003821266455485,0.04919286239584199,0.003572929766209668
Enchanted,0.05966935647884826,0.03559953493760847,0,0,0.04614382476534637
Ender's Game,0.04112938131980468,0.03487118650669228,0.036567734163000416,0.03881923640883286,0.034995697044623755
Enemy at the Gates,0.04103487104368211,0.03403540541242947,0.05893926344869743,0,0.03698206515269254
Erin Brockovich,0.061881779141988134,0.06821618933063218,0.05281498255356402,0.11049565530740797,0.050742321724661
Eternal Sunshine of the Spotless Mind,0.050874442316067345,0.041963494295379065,0.05443500312838277,0.04943356555318154,0
Event Horizon,0.0022002710549719607,-0.01019281219865532,0.001647257179919742,-0.00549071831164258,-0.009196513705454719
Everest,0.025198305025965817,0.024574864509722433,0.05376375876046102,0,0.019252764102551667
Evil Dead,-0.015931361900386378,0,-0.02270271328292915,0,-0.026748934959114408
Ex Machina,0.032512817273205145,0.05288806455881284,0.0575966131547172,0.04203139939764245,0.04482492686655903
Eyes Wide Shut,0.028429627588672863,0.030140832074247156,0.02410116531325905,0.028142573484767838,0.029459782213570665
Fantastic Beasts and Where to Find Them,0.033121519867045764,0.03612134787626005,0.04377712488415557,0.03576253069675601,0.024847465942181037
Fantastic Four,0.023609980879484387,0.01570696292540604,0.02531812243250711,0.011608282810405633,0.02065509205708744
Fantastic Mr. Fox,0.05923243739873296,0.05946828850649517,0.05896770709128649,0.06150998828004185,0.05794029485239449
Fargo,0.025222065913460014,0.012898783152622358,0.06177987238922028,0,0.023792860641089333
Fast & Furious 6,0.033973656999577335,0.024459920393168928,0.035263333244292025,0.031529906301274904,0.026948871688513676
Fast Five,0.03481006392370291,0.04063581444495383,0.04331802041064536,0.03055608568023168,0.030293418241883335
Fifty Shades of Grey,0.009369543871935152,0.004219543049902058,0.0048320666037719,-0.006147745855980383,0.011335243505113633
Fight Club,0.03484360806659107,0.034799225877168785,0.045832027117659206,0.05331540623825222,0
Final Destination 2,0.00023135139652535953,-0.012044672662776286,0,0,-0.008100305326328914
Final Destination,0.014288828177413566,-0.00265728327444645,0.029640744032340627,0.0079952356248469,0.0020155695508752764
Finding Dory,0.0554934715129659,0.05430337371604238,0.099091027655876,0,0.048460552143729234
Finding Nemo,0.05959526452045957,0.06979631788068053,0.06155874193239724,0.08000540257968111,0.060244402765252385
Finding Neverland,0.087459057417873,0.08789647145544591,0.1036277373216985,0.10893951528159354,0.08521915940008053
Flight,0.031005990609888946,0.035314996877113196,0.03775189743988344,0.05518012590954488,0.03490648214427603
Footloose,0.057961109591467344,0.06213959050571225,0,0.08289201774777384,0.06908677323272017
Footloose,0.053650332484877106,0.038098288013445294,0.0422748569676822,0.041909350363897285,0.0320418462736225
For Love of the Game,0,0.04122940848860726,0,0,0
Forgetting Sarah Marshall,0.03300722607881508,0.03909260291873957,0.02898507319031881,0.04090955107817305,0.03667642130574507
Forrest Gump,0.05772847509588384,0.06559745735292186,0.11050554915724077,0.0664650974558689,0
Foxcatcher,0.00754049648231873,0.009085650710680413,0.03973511764464931,0.024649087550516022,-0.0008740767611767777
Frank,0,0,0,0,0
Friday Night Lights,0.05169308802232357,0.05532614825283795,0.05701818837267987,0.08171970147330582,0.0376020408929516
Friends with Benefits,0.0507676674815178,0.0676952440393728,0.04337082374301362,0.07215554981310691,0.055838094527134494
From Dusk Till Dawn,0.07003591101794693,0.03489800483704652,0,0,0.025535094802892573
From Hell,-0.004515745599080462,0.0018651063686720118,0.008031000878215696,0,-0.0005112432864913789
Frozen,0.037282630628619945,0.043966282337009666,0.12699119134109116,0,0.029631845942590284
Furious 7,0.03373096971705619,0.030879207613489536,0.0319794862021066,0.03986575476865384,0.024306551683154484
Fury,0.015320844150777127,0.007779276688326949,0.006705801629493704,0.008108504057309635,0.007201966756060743
G.I. Jane,0.032799718737589884,0.007331271287251975,0.0013968290535407639,0.010753490735422212,0.01048228956732874
Gangs of New York,0.03637740740054529,0.02640137105111114,0.03265099245836147,0.020222792151971133,0.0378553223923942
Garden State,0.0601049408579753,0.045243700134817835,0.05463459026130647,0.05563581243394476,0.052475544037284966
Get Him to the Greek,-0.018347364307298244,-0.007056252872498265,0,0,-0.030548274249941422
Get Out,0.018289908555250863,0.01731662001133717,0.030711507505437264,0.030662788172687035,0.012884137068470627
Ghost Rider,0.00023622681970071757,-0.007969971562952895,-0.01221062056984525,-0.022399593640379495,0.0027110209399701067
Ghostbusters,0.06544502793854642,0.05266222675841945,0.05844486385708518,0.08103261321819524,0.036371511542323695
"Girl, Interrupted",0.0025521915652030767,0.002574471947866776,0,0,0.002265252076788226
Gladiator,0.07141623739399672,0.0652823933057238,0.06593952945100405,0.05400377043479708,0.07302052060143503
Glory Road,0.07989502075511375,0.024291791107436827,0.017098606262311952,0.044853511111126086,0.03097605868671902
Godzilla,0.015532544978146377,0.01533143173865667,0.022709130391390147,0,0.020515338420515623
Gone Baby Gone,0.04625899234767322,0.03610124948917353,0.02523916919570247,0.030056957545384615,0.036510084020542455
Gone Girl,0.017264415154867173,0.014772408644251424,0.024013504067320873,0.018145622528533543,0.015677825124696874
Gone with the Wind,0.05143720323567391,0.06523810488965524,0.11025204208985209,0,0.05768475802319156
"Good Night, and Good Luck.",0.007332751326733267,0,0,0,0.025036029607377726
Good Will Hunting,0.0733138730352565,0.07603255764490138,0.07375996558317732,0.10023075336871592,0.08464592760971205
Gran Torino,0.027673363501554395,0.021773753946501384,0.09679264424366321,0,0.007852544572652914
Gravity,0.03614599372551967,0.031351691299205044,0.027765491683749102,0,0.03278248272394634
Green Room,-0.005974150513933959,-0.008725073788933042,-0.009431057704947792,0,-0.009433234021023022
Groundhog Day,0.06933188018152404,0.07211832426085403,0.07204377700520767,0.10226017182009736,0
Grudge Match,0.030153265165841783,0.04418782742019852,0.052572028315944506,0.05997251283497135,0.032595242453298694
Guardians of the Galaxy,0.04079329351805636,0.052174579281849674,0.080152078726237,0.057401333286793546,0.027673698448662822
Guardians of the Galaxy Vol. 2,0.032917357478906624,0.04064811104443741,0.04289986080205889,0.046170888842457604,0.03439979184883304
Hacksaw Ridge,0.044130751475706616,0.055233815898170356,0.08837875558982367,0,0.04392058468219303
"Hail, Caesar!",0.03956033176769525,0.03540969692609211,0.03303952969849224,0.03371148269915707,0.03973040168576812
Halloween,0.023370332262651686,0.017704106966441608,0.024662509036999083,0.02850686123063876,0.009520117292644285
Hancock,0.029006951517659186,0.02925652682050788,0.034640027413156776,0.03833314064978455,0.03406561527600059
Hansel & Gretel_ Witch Hunters,0.018589297688835816,0.0065989394449710555,0.0099749237989835,0,0.0046916097731452095
Happy Feet,0.030348164357715653,0.03694062014491412,0,0,0.01965912775036858
Happy Gilmore,0.05490583543649313,0.04725315011252048,0.032874819651048805,0.049411153899771076,0.03622892728003896
Happy New Year,0.030259977742769034,0.034107577265804906,0.03730039936672629,0.03529924502745982,0.028740921270056875
Hardball,0.040412440292026314,0.015020870606897089,0.042427950675181514,0.02802392020539193,0.023858136676037943
Harry Potter and the Chamber of Secrets,0.035138741055693486,0.031192604892975366,0.05751187608730872,0.045395321025644315,0.030497217869307185
Harry Potter and the Deathly Hallows_ Part 1,0.03155961547187905,0.016635520376512787,0.03372032997243674,0,0.02461812655627444
Harry Potter and the Deathly Hallows_ Part 2,0.04359585665633707,0.03721626187886078,0.05769662989224932,0.03928163092467281,0.022082804120042515
Harry Potter and the Goblet of Fire,0.0015508699003822638,-0.001274767173251215,0,0,0.008294612142421444
Harry Potter and the Order of the Phoenix,0,0.003190035110697699,0,0,0.014712712937192672
Harry Potter and the Prisoner of Azkaban,0.04123595537578539,0.053531359623215286,0.07004418868535789,0.07125701787678082,0.0472185304748858
Hart's War,0.08187137669520299,0.03418948664807922,0.07000940091122915,0,0.041303085851796414
He Got Game,0.12097758853402699,0.05322555353124425,0,0.05010796400846978,0.05634314305401873
Heat,0.025880013161491616,0,0,0,0.029975992222205892
Hedwig and the Angry Inch,0.03384450118276863,0.049743373024361916,0.10994822357563681,0,0.027586958813586526
Hellboy,0.03643523160852752,0.0283836978051244,0.0767601809131342,0,0.028958300944180042
Hellboy II_ The Golden Army,0.02936326350348084,0.03078548332009874,0.051048622765017246,0,0.03407205485924558
Her,0.02659161027278267,0.030140343319484782,0.051828889725180995,0,0.029005116701491872
Hercules,0.07880300261395146,0.04624781727216404,0.0710540330991924,0.05719965032634511,0
Here Comes the Boom,0.07070243207746851,0.06336161875526493,0.05021357774654558,0.0585441514103095,0.0685294045190633
Hidden Figures,0.061331322739142345,0.05790936957721016,0.05033403156590916,0.07883361923532702,0.05098145396178508
High Fidelity,0.05897150617226805,0.04560349766963954,0.05443344946357639,0.059107700340836664,0.054233643585869226
Hitch,0.060897137960232106,0.06203578843116976,0.05998270458378008,0.08555364894896844,0
Honey,0.06863734411914325,0.039861067151594966,0.03043252506149893,0.03642924231120151,0.03555205784686575
Hooligans,0.027738561743600138,0.01748209457790464,0.054371595188511625,0.007934090060517917,0.023132210449940602
Horrible Bosses,0.006537707685175076,0.008300668212741754,0,0.016176924786238903,0.005565710186608234
Hostel,-0.01794552378956879,-0.016621417020619398,-0.01437587525930539,-0.021186207288782684,-0.019099801383540057
Hot Fuzz,0.027619068128053564,0.03588258651947437,0.04428768877929621,0.04819380104615759,0.030476810921626168
Hot Rod,-3.3497244134921e-05,-0.0032748459412138492,0,0,0.016877289435491803
Hotel Rwanda,-0.0016856727790684478,0.016455357142790093,0.025132452059659985,0.03350844676441397,0.016304807036732143
Hotel Transylvania,0.020956950407163902,0.041188290613971314,0.05758806853223387,0.06223443904045313,0.07235823001114762
How to Lose a Guy in 10 Days,0.07120779483948166,0.04837075615034908,0.02416166407770374,0.056258621462687924,0.033269716945740796
How to Train Your Dragon 2,0.0711029701062769,0.06798487904059375,0.09529062437970051,0.08382981788095246,0.0665235015933902
How to Train Your Dragon,0.0604291552097902,0.07639617931273152,0.039076811076758707,0.0710715102896563,0.04522674335318022
Hugo,0.05128219388115377,0.053928466225892535,0.049138133569812344,0.045975616616639424,0.05763358841336788
Hustle & Flow,0.04965208807026567,0.030779122317498984,0.040050088377744604,0.03443186160669555,0.035988735626153776
I Am Legend,0.015466169868008434,0.009009301927406621,0.050117638789576716,0,0.001878527248191559
"I Love You, Man",0.05172170814479995,0.05961352325428385,0.04543162975841255,0.06487131539135316,0.05138103066428055
"I, Robot",0.031054119536861702,0.03373432404128373,0.03913922430301028,0,0.03744163745066112
Ice Age,0.05857223472919959,0.0607050265648376,0.0727894064329055,0.0851256651292337,0.04560900503041215
Ice Age_ Continental Drift,0.06116227756497874,0.04539747161654197,0.05211064884849897,0,0
Ice Age_ Dawn of the Dinosaurs,0.03464869788481046,0.054712092290907524,0.02303414487129221,0.06884007909923798,0.048413707718454414
Ice Age_ The Meltdown,0.045654038516959615,0.05749575101340958,0.1128955613565459,0,0.05018653909700663
Identity,-0.019087829235874078,-0.00497877134531122,0,0,0
If I Stay,0.04624329789866602,0.04722416256414628,0.047380536799438266,0.07798864672034668,0.05319524100846273
In Bruges,0.03601815592899123,0.03677005913974266,0.04284921236541313,0.04932120349848845,0.040346977448857284
In the Land of Blood and Honey,-0.008119107177475965,-0.001999408110800147,-0.0033268892889744372,-0.004527759091784521,-0.004933008942870377
In Time,0.02447695723061231,-0.008297369094187481,0.003426722718143354,0,0
Incendies,0.009949961800618749,0.010768496662866407,0.034315396295959276,0.02930905839756675,0.019280357274008352
Inception,0.043980516551581625,0.0429309679538002,0.04224466666454223,0.049284797293928845,0.04253307401782192
Independence Day,0.017316213075329035,0.003635774360100742,0,0.002403974660864572,0.008954045542738147
Indiana Jones and the Last Crusade,0.060084085166060806,0.07380828342178523,0.09877836271107716,0.10979309700960131,0.046677085750854476
Inglourious Basterds,0.029282257863442712,0.03509416768372786,0.027407308579992358,0.036250472047781965,0.03176101173977996
Inside Llewyn Davis,0.03327605037964932,0.021713869220678285,0.027975469641613127,0.03044716190537578,0
Inside Man,0.06730760110007515,0.04741139877080766,0.051019002553992956,0.05984147168492461,0.03498132585669071
Inside Out,0.05451221852392705,0.06340837385720276,0.06989376650543629,0.08570403470210912,0.05371490342979463
Insidious,-0.044882191964951385,-0.019289518939149597,-0.013845787984529317,0,-0.029865695727724923
Insidious_ Chapter 2,-0.005922036910149679,-0.011514701730797498,0.006646236589173121,-0.009381293679016604,0.002753264733755384
Insomnia,0.06143929669009111,0.03382560178243666,0.04716489163268244,0.039984392117515734,0.05139343449304639
Interstellar,0.06288605120559218,0.03727219233425132,0.07574277775433672,0,0.036994816734493945
Into the Wild,0.03989171767747676,0.0619966618091224,0.05556906538528709,0.07679230063257957,0.049990370452205855
Invictus,0.04669029879983043,0.047823646925766586,0.05761999821046151,0.0576892460116709,0.03795804783986227
Invincible,0.03840294604042693,0.01893376096191509,0.007501707014777818,0.017312393307693814,0.028493213697977332
Iron Man 2,0.05886310843928938,0.04843851787268976,0.03648340116219473,0.05167982331229659,0.04845913797617416
Iron Man,0.06740167366568789,0.0679951767210861,0.12807018666895742,0,0.05783466738608909
Iron Man 3,0.023962599237313354,0.023001912012947753,0.026690680824980998,0,0.02243995018861364
It Follows,-0.007720479034412142,-0.0015056791755919334,0.0050978855847184255,-0.0038429321610754636,0.002253677734833873
Jack Reacher,0.051329141107610686,0.0400476624482791,0.03742695571546334,0.05908625084739495,0.03292283499552705
Jackie,0.023377034722893313,0.025240224879394108,0.025799997316416592,0.026203189408086747,0.023977185141432086
Jackie Brown,0.047888437823350005,0.06356427218235781,0.1243544234772238,0,0.0523026660240878
Jarhead,0.025287767895834517,0.027858783858536747,0.017396314785337697,0.02961389752005192,0.023201218393126947
Jerry Maguire,0.06673251798174654,0.07274049258622758,0.10003775057229358,0.09084556145986428,0.05843238702081932
Jersey Boys,0.04215933263754506,0.03677501733789344,0.07063517160952341,0,0
John Wick,0.040433964870035054,0.019670011695050754,0.007112368235111991,0.004131758743589603,0.021160316440811948
John Wick_ Chapter 2,0.03229646843629033,0.02370652487339721,0.035264547335090664,0.029725690416775308,0.025798957376524594
Joy,0.028660005155096466,0.0314917672082748,0.02176659353980184,0.025117804987826804,0.025572737600218783
Juno,0.04362059210704423,0.04750178493045285,0.01816136680443648,0.03389303660787695,0.03963595002873262
Jurassic World,0.02190469542307706,0.022938789749146506,0.032407802487122564,0.028827552201288263,0.022169285693710686
Justice League,0.020037338189104408,0.019889774249825777,0.008796895986969071,0.01200496379904992,0.022672518493154954
K-19_ The Widowmaker,0.04085356756572059,0.030212155603681446,0.040161617711189,0.052061589264248864,0.024608144754417312
Kick-Ass,0.02699869995481109,0.024245089542793648,0.034021765443310016,0.027210507101735084,0.016075170144394062
Kickboxer,0.05499702389971155,0.01613886822171637,0,0,0.04576316715137811
Kill Bill_ Vol. 1,0.037102537929143566,0.03342529054849948,0.06158501785178551,0,0.028327027517970216
Kill Bill_ Vol. 2,0.04270445064615535,0.04579192950852649,0.046298832326052884,0.05715715211847247,0.034792920129638645
Kingpin,0.015832224759030775,0.02619578884894369,0.027713880528832436,0.022898739452733012,0.04001273740377276
Kingsman_ The Secret Service,0.0344337883949678,0.03510666364206519,0.02580054868062085,0.05053719930469988,0.01967612797943049
Knocked Up,0.021591008510028,0.02367694423803028,0.011490146733866516,0.016066364904461474,0.02468839795902156
Knowing,0.023604989664676945,0.013099681252323319,0.033184936302211636,0.025539920204045836,0.0135597373723381
Kong_ Skull Island,0.02860890442494137,0,0.04292411735086472,0.03157876784241549,0.028598684805361603
Kung Fu Panda 2,0.055678329207427255,0.05993573401802289,0.036340318027851246,0.061573384638918746,0.05829808339712704
Kung Fu Panda,0.052961014430489006,0.062076001435235305,0.08376215405412228,0,0.05123292512579181
L.A. Confidential,0.082150495641985,0.09209596641823495,0.09072729330337184,0.11079345664689212,0.07917474856084246
La La Land,0.0677626953250497,0.07581836170782227,0.11418876769141485,0,0.07322023129249222
Law Abiding Citizen,0.02150863406162788,0.021141911501210833,0,0.0392559761091171,0.012887630705283624
Legend,0.06907782030385312,0.02060786138366256,0.029448881792006994,0.03496337326062945,0.0577063379561119
Legends of the Fall,0.06990986259288447,0.05780088922485895,0.05724324270985338,0.06281574368135366,0.07517594327060809
Liar Liar,0.03574685312439012,0.0595253474280352,0.046917977803594704,0.07700015691946002,0.05875542222647536
Life,0.006193004962406078,-0.00293906235151798,0.019134255255561887,0.0017324404638141867,0.0030451639993964645
Life of Pi,0.03786079099666288,0.0740839075606407,0,0,0.03141811215126902
Lilo & Stitch,0.05483630833494582,0.041489361595160604,0.060361869338834064,0.05712295157435297,0.04504998405952391
Limitless,0.04771588154473196,0.031601170829283036,0.05812668265354318,0.04762206511498736,0.040931485467855765
Lincoln,0.03863106369202126,0.03819630124383474,0.03712591841535962,0.04635216401873937,0.03240226511773994
Lion,0.07045967858012707,0.05958426957420454,0.07547832257522555,0.08829963901999746,0.06697838946065736
Little Boy,0.20411038883420118,0.08781187637334507,0,0.11367513084605667,0.07531747940612252
Little Miss Sunshine,0.02044517179708134,0.03053145381584429,0.059428040693205265,0.02787136860909849,0.0074508821650400335
Live Free or Die Hard,0.0014094731402363215,0.013694721611325194,0.013338324320476313,0.031944395672534064,0.001033304349475214
"Lock, Stock and Two Smoking Barrels",0.043877249687044734,0.04499703520719316,0.038866526964100506,0.06270887893168337,0.0296525892829709
Logan,0.026999241254256012,0.029228472401634953,0.042100779084103354,0.04161224600111728,0.013056786254189025
Lone Survivor,0.0015791360917019456,-0.0017559834437527828,0.028450439598132943,0,0.003692356028257632
Looper,0.05934691535607472,0.03536832964000933,0.046578477507410766,0.05520409817567806,0.033126927896074014
Lord of War,0,0,0,0,-0.0021009453493436633
Lords of Dogtown,0.05365308027015932,0.06142088700091261,0.06551569803800772,0.07834534773768452,0.05250205062501231
Lost in Translation,0.0375824267681334,0.04223131071588315,0.06093517319778234,0,0.043983873640424394
Love & Mercy,0.05824350916610328,0.05281169160661152,0.12749719735164106,0,0.02528335419322208
Love Actually,0.05010925394919456,0.053064299982034664,0.059046541773945714,0.06164548825838029,0.049337588395107934
Love and Death,0.049138547069900125,0.04229053168175853,0.04684932127053136,0.052943063922459024,0.045839127235071275
Lucky Number Slevin,0.039405711724997086,0.041432558239643334,0.029318236385969133,0.04984535868537378,0.040147111506070574
Lucy,0.013895128285404505,0.018367414452774743,0.026172139360226426,0,0
Macbeth,0.015014199296743802,0.01877404543125275,0.03156462694056989,0.05262502092723355,0.012410737587302935
Mad Max_ Fury Road,0.029648634919199567,0.017901388517163056,0.03273155606606979,0,0.021815187288072913
Madagascar,0.043748252338756864,0.049497660530750255,0.04335491742300341,0.055109919279859185,0.04388540178164132
Madagascar 3_ Europe's Most Wanted,0.08091584781523443,0.041653390414098386,0,0,0.047168508284277794
Madagascar_ Escape 2 Africa,0.056435965449095016,0.06250851544315299,0.061826201319836536,0.06430531833520049,0.06754023124450434
Magic Mike XXL,0.0016134321536335756,0.023798328762554943,0.013530501559079252,0.006725136797792201,0.01959543390133574
Major League,0.06331180311273323,0.052471285147051835,0,0.05221347195979706,0.07475444922090001
Mama,-0.00625075569848836,-0.006602480463850322,-0.0024197111861114086,0.014537615345313646,-0.013351517311768748
Mamma Mia!,0.043140426144601535,0.044029160337162754,0.07211655411757681,0.0286523621581139,0.06364282371666667
Man of Steel,0.05266060918348724,0.038356462481169286,0.07161711463918118,0,0.027256614974721184
Man on Fire,0.051585887898048244,0.0320453426824362,0.06501355880506869,0,0.03530714246551566
Man on the Moon,0.0566074725450969,0.05183240945970536,0.12078696704599548,0.05880249049728632,0
Marie Antoinette,0.02391437324578207,0.023962061178569225,0.03468820071973668,0.027108755619247728,0.025842739239841567
Mary and Max,0.029056039546463363,0,0,0,0.044640837764256015
MASH,0.052743579170606715,0.02817284094077215,0,0,0.025200675261372634
Match Point,0.04147542918821031,0.03384275147009389,0.029415251877160976,0.03315334374827769,0.0473607934960192
"McFarland, USA",0.056265719657401736,0.04669457589056051,0.06396593100126476,0.06314289298131981,0.02916854477402047
Me Before You,0.049967556252676175,0.028768234860311766,0.027669146267681334,0.029571066299187567,0.03607963814631963
Meet Joe Black,0.07300952790045603,0.0795088746364642,0.05801845424189073,0.07772932924766549,0.07353176476413885
Meet the Fockers,0.027911103696289602,0.01374987811585597,0,0.02237909132603329,0.023986512239544386
Meet the Parents,0.027458679796097767,0.030582102568036583,0.038462389332639825,0.039207380108246426,0.025119753533129483
Megamind,0.075474839252187,0.0890129613923355,0.10109008020050644,0.10858964293656947,0.05220737171290775
Memento,0.025662594160878197,0.03496134105487486,0.05694577168042958,0,0.03267635764480768
Men in Black,0.05768878722769254,0.04926202198888316,0.06931040045245256,0.07697747651477008,0.06946237199558605
Men in Black 3,0.045093122818734725,0.042379965520636206,0.04911043345158615,0.059802778167040396,0.04111961818823745
Men in Black II,0.041844649937059344,0.028991158949080265,0.0304250391849044,0,0.053264260689214284
Midnight in Paris,0.06452472064137045,0.07317571848838855,0.06052624993783056,0.07537492487764764,0.0674930913786965
Milk,0.050227519110676265,0.06382681352674648,0.11627963853906466,0,0.05820006535835003
Million Dollar Arm,0.04849626383814584,0.048165615074193494,0,0,-0.0073357054580887315
Million Dollar Baby,0.03681194460840469,0.04829079511177056,0.046714586343133226,0.04650973324330746,0.04854449545982972
Minions,0.01513394351417884,0.018123572256213995,0.05923841531814073,0.029691012275652347,0
Minority Report,0.002226421102026118,0,0,0,0.010550530679060715
Miracle,0.0557382512810969,0.0526205883997634,0.07137160748691147,0.06868986516426705,0.06247588081185358
Mission_ Impossible - Ghost Protocol,0.027552128567238682,0.03039614500635379,0.03181795543919605,0.02903797126931986,0.03562235872547107
Mission_ Impossible - Rogue Nation,0.04108006229619915,0.02848456297805445,0.04179121883227011,0,0.03207913142135114
Mission_ Impossible,0.043782418406845915,0.03780857383076259,0.05757798755855063,0.057083675431570495,0.042665757042059604
Mission_ Impossible II,0.014644432893025847,0.012991754817025268,0.029575947050656547,0,0.022563947718397873
Mission_ Impossible III,0.04233475502469195,0.033373775124084785,0.03743194123624441,0.04581196608309224,0.026434369855466364
Moana,0.05403577353387277,0.04063145474262065,0.05622556669147219,0.04672547082842268,0.04677622778645341
Moneyball,0.023889815746051785,0.03356480223037269,0.03630482132115567,0.05291477519901449,0.03479939015998044
Monster,-0.020276988088929894,-0.005776697109236347,0.008058307864250805,-0.006153820083827499,-0.015221795760296579
Monsters University,0.060482211355283366,0.060828716136380884,0.051303044447000956,0.07935592930967314,0.032780382113359305
"Monsters, Inc.",0.055893882185029144,0.07324654477695992,0.0756966219785456,0.10050057726564891,0.0635556314871358
Moon,0.0009093174069305304,0.021226750161277227,0.031704310201859175,0,0.009378671140716268
Moonrise Kingdom,0.03654225600078239,0.04073776506897536,0.050044677636649514,0.04780721118047655,0.03912710518386595
Moulin Rouge!,0.03572359654279411,0.03636648768557234,0,0.032127041462082416,0.03905323303144815
Mr. & Mrs. Smith,0.04382904474579506,0.047403696062306565,0.03113838085692948,0.049474539279148244,0.03823561685119718
Mr. Holland's Opus,0.07119880803179461,0.061123928758028544,0.09958119142138852,0.05540008118608043,0
Mr. Nobody,0.014751054399904536,0.011469639775098184,0.031114919722710743,0,0.010059224123942044
Mulan,0.054163720071834946,0.1478265261926874,0.09049213342685311,0,0.050105660205226756
Mulholland Drive,0.025032044235617217,0.02021225332960015,0.028806737705300275,0.021360256602491537,0.022311745939572598
Munich,0.027533216266867076,0.032230127508696,0.025648484644590522,0.04328516891665122,0.022666218948690694
Music and Lyrics,0.057219279014090435,0.06779636638583954,0.055516912782427964,0.07678562837159415,0.05925701384933584
Mystic River,0.06730140271047659,0.03241767384704202,0,0.04231639236517576,0.033266445486676094
Nacho Libre,0.028043778819181856,0.013425186845336135,0,0,0.014319657147953193
National Treasure,0.04385300371991648,0.02889615078840345,0.04742658988846915,0,0.03915281511053787
National Treasure_ Book of Secrets,0.032900585031866554,0.02720063979888327,0.03126943530228597,0.027289015449462932,0.032404421948891746
Never Back Down,-0.0018044524844309543,0.020734438987968205,-0.0009609937865582128,0.03798999986444147,0.000837212813531989
Nick and Norah's Infinite Playlist,0.04096225571660256,0.03286079271487537,0.021726421480440017,0.030755299982037656,0
Nightcrawler,0.03886288980980639,0.021373946935605365,0.02107015847413661,0.04024687523721063,0.028163187642805405
No Country for Old Men,0.00836089313725425,0.016343627557807397,0.034622267538461406,0,0.00791484085196757
No Man's Land,0.07124402292045219,0.002388683175335453,0.008726748546223833,0.01168171587500275,0.016540518104503087
No Strings Attached,0.01811546091234979,0.03847065534184715,0.03629479654441335,0.05288918478344419,0.028251579953780664
Non-Stop,0.08053796853962585,0.017560463454242094,0,0.033088672131693454,0.019683628640056846
Notting Hill,0.07659877600418928,0.07323929961297994,0.07099627978620222,0.08805985641826691,0.0670905569888085
Now You See Me,0.041217564183141056,0.02520871317751001,0.02861979653359557,0,0.03208086031914334
Oblivion,0.05630135260049746,0.03615952121616585,0.035552834610182826,0.034687252899219825,0.04278716664261639
Ocean's Eleven,0.059256439629025374,0.06452276945233373,0.05589147580345208,0,0.06503234546892407
Ocean's Thirteen,0.031150849790376762,0.03302194706929521,0.04662231674241436,0,0.047964761010098445
Ocean's Twelve,0.033210779140163425,0.027098548050488128,0.015571779684479646,0.023902972687695496,0.028080207502361343
Once,0.06777540681560253,0.050798547287186295,0.09019095178619961,0.07453469015496664,0.04964315019047146
Orphan,-0.010929917560839185,-0.01453402360728932,0,0,-0.004256715826783578
Over the Hedge,0.04158244904428659,0.03228377329585784,0.053002254507666435,0,0.06695026813030955
P.S. I Love You,0,-0.005345604673431117,0,0,0.0007032014894015406
Pacific Rim,0.015869321852231586,0.020567058308917058,0.026334945423600892,0,0.019657329016967453
Paranormal Activity,-0.032624331574922616,-0.025923312553884772,-0.03115277232283554,0,-0.02868226360218025
Passengers,0.04881855860801839,0.04765453565841006,0.05266133022752027,0.06632584564795008,0.04226957945805685
Pawn Sacrifice,0.047274081602678646,0.027779429444853745,0.03038068382071613,0.028613456262379763,0.03458871374439883
Pearl Harbor,-0.04599255394440459,0.017195179206276077,0,0,-0.007474993341995941
Pi,0.08148692683483182,0,0.03548661322360701,0,-0.0071558868267229975
Pineapple Express,0.006838122183707524,0.012768479910474518,0.015317748137264612,0.014007704311249664,0
Pirates of the Caribbean_ At World's End,0.04661453914842546,0.027088921455873008,0.05581441747803744,0,0.023569883005115314
Pirates of the Caribbean_ Dead Man's Chest,0.019761656792245706,0.016455775912496157,0.01663363958201708,0,0.011990095414548246
Pirates of the Caribbean_ Dead Men Tell No Tales,0.012578690641066025,0.009867447357413182,0.022261435908373855,0.02030088125736549,0.007043154274431866
Pirates of the Caribbean_ On Stranger Tides,0.029727292583660504,0.01984700913354503,-0.00342725751202721,0.027646676152948815,0.012326516597143322
Pirates of the Caribbean_ The Curse of the Black Pearl,0.1578013683168598,0.06872814067243184,0,0.08195974199760489,0.051265177329245945
Pitch Black,0.17785639282909257,0.037225574772661335,0,0.05829521250585484,0.022686224306073876
Pitch Perfect 2,0.04096497587238833,0.031586561104765515,0.05494121888876574,0.04054116100310593,0.04016269958080193
Pitch Perfect,0.010682095852390387,0.009139083973174585,0.01643660693996804,0.009243583687178298,0.013559274325057664
Platoon,0.040844724886320266,0.025675088998063596,0.04316581681372839,0.0364803598278788,0.035355116425124365
Pocahontas,0.04653862505073856,0.043028178695140216,0.06275410049445292,0.04325947366125647,0.038444682917880994
Point Break,0.0164404931629827,0.014443509685018112,0.01335382722732043,0.015938206169101125,0.018406591897545687
Popstar_ Never Stop Never Stopping,0.0060559441421755575,0.02637937463835713,0.006813961383902855,0.04066136770025483,0.011261665541863433
Predator,0.016741310532342308,0.01698108825103794,0,0,0.012560305328185221
Pride & Prejudice,0.06260072785768295,0.05712192001733046,0.05186463345330489,0.05394587467659691,0.057486854723144305
Prince of Persia_ The Sands of Time,0.06574251246558113,0.0521633449778623,0.08548224978142425,0,0.021138258732586793
Prisoners,0.05068157803147416,0.014976559451959194,0.04314475636834565,0,0.02593576301158106
Prometheus,0.0034162603199894065,-0.007493972200049205,-0.012908548487364042,0,0.0008371050038716736
Psycho,0.05064377132389319,0.03396851326709101,0.08260519123329388,0,0.04919415083951867
Public Enemies,0.037980757515666035,0.030275762961861224,0.055256495362274845,0,0.030576678817036292
Pulp Fiction,0.06080017706134355,0.05914579144937791,0.04922388916813614,0.05925916775479667,0.05576290648535148
Quantum of Solace,0.005566132120921226,0.004810957022753044,0.000876573017799061,0.005061086921352501,0.014262318141801565
Quiz Show,0.017517919822077913,0.03397096351552066,0.06369077154139957,0.041911549944720294,0.03331736138402988
Rab Ne Bana Di Jodi,0,0.022559093153084617,0,0,0.05518489655094772
Radio,0.12816761047063807,0.08713499429578771,0.15663291456772033,0.11572315751107795,0
Rang De Basanti,0.06362722687978203,0.06287162817331687,0.07687145704313335,0.08240488659799644,0.05121308889544394
Rango,0.055444805987176014,0.04371617063647065,0.04940622660021635,0.05423974601878623,0.021935134569245625
Ratatouille,0.05252121007342624,0.05449700210202654,0.1713474327629296,0,0.04967059444803456
Ray,0.09029746559216742,0.06525543730653922,0.09247137941562164,0.0845809177425416,0
Rear Window,0,0,0.03396277735531008,0,0.03460154335614056
RED,0.04136217478208742,0.032566481764453106,0.03921726773120094,0.04420303424084117,0
Remember the Titans,0.07084543369294148,0.06795136814881941,0.15646616449571654,0,0.03591037998028577
Requiem for a Dream,0.02167189141183498,0.02995320208636227,0.04232357302349726,0,0.032574026421951376
Reservoir Dogs,0.027991649723870915,0.04432293374581684,0.03521862109081944,0.06069783883730075,0.030371559466495102
Resident Evil,0.04220451374429528,0.01981158201830725,0.029480147488942107,0.03816418552975911,0.015143656936901811
Resident Evil_ Afterlife,0.05580377435921909,0.011257403350447273,0,0.01697651755172968,0.013897247246729782
Resident Evil_ Apocalypse,0.006357706410826537,-0.0016151495893202434,-0.011015976589407145,0,0.005101500358184883
Resident Evil_ Extinction,0.0012953118125998216,-0.001113335225593429,-0.0018992459337168264,0,-0.001063433616389087
Revolutionary Road,-0.015650906500760963,0.018142939239827134,0,0,0.006312146589351409
Rio,0.09384961014144243,0.057952250518047616,0.07100530790504045,0.07849236061108739,0.04860986291835204
Rise of the Guardians,0.07512275925201263,0.06307805654709057,0.06295648207555624,0.07548080944339983,0.05067530365078132
Rise of the Planet of the Apes,0.0565430850676906,0.04449842791032085,0.12332014552306793,0,0.051024224961425
Rock Star,0.03356561593164933,0.024660623249943205,0.01730452192785912,0.026937587035396837,0.025285200768154752
Rocky II,0.06328647242324777,0.059700395649509616,0.02973614691604344,0.0928076039329187,0.027640840549414836
Rocky IV,-0.019570459402177297,0.0010662592136690557,0.016135333159305546,0.006288092277460987,0.0041858980378054
Rogue One_ A Star Wars Story,0.02562075904669368,0.03200115265183848,0.042516044764585766,0.0295823757757456,0.03711863460681616
Romeo + Juliet,0.035055531614930045,0.055414073998045314,0.06329959110973739,0.0507358680360793,0.04685145179687181
Room,0.03950564447146344,0.03713771044241956,0.05989885778008766,0.04609376485704127,0.0507341659638301
Rosemary's Baby,0.011185965875895154,0.011076086713620089,0.01573642225342506,0.014772124333846575,0.007380049093393601
Rules of Engagement,0.01225794423078891,-0.019457764867070623,0.0016210567820414835,0,0
Rush,0.06766530444164585,0.08161640791259807,0.08056936676756435,0.0932711293483675,0.07349757990707388
Saboteur,0.03876140630367773,0.04257883623668257,0.08269875017092196,0,0.04273051700842501
Saints and Soldiers,0.05541792136840225,0.045032966936528016,0.04784423638666618,0.058267854703687866,0.04018226246508962
Salt,0.05912149026818333,0.021519156056811827,0,0.02797812685860592,0.026480849209384594
Sausage Party,0.008088423567380678,0.008265754611911272,-0.017489167183143535,0.007501517417797674,-0.00564194004652562
Save the Last Dance,0,0.02001851541797011,0,0,0.036092164405153004
Saving Mr. Banks,0.09105301653290523,0.05588992630917717,0.052391355049738124,0.06981532306050857,0.0665087730453755
Saving Private Ryan,0.03330664497522438,0.03688210031829049,0.06566765966633852,0,0.02942007249336491
Saw,-0.05281354786444391,0,0,0,0
Saw II,-0.012244678769893633,-0.0122886326298846,-0.010184053687986356,0,-0.013258807771637585
Saw III,0.005207203270666121,-0.0037710427249917334,-0.0032140849767448745,0,-0.015296739984823867
Scarface,0.03408626710117,0.049016480409604254,0.03945139273754245,0.059192650479752446,0.039044004472151526
Scary Movie 2,-0.01785332387614512,-0.0010503387604542233,-0.02658079226824479,-0.01341514589209329,-0.043673857732370834
School of Rock,0,0,0,0,0
Scott Pilgrim vs. the World,0.04633979946118684,0.03571544009952598,0.07076210803270896,0,0.035297970485883075
Scream,0.060454989120485136,0.03939185929015547,0.032315932261115225,0.057590428665117294,0.027049239152733284
Scream 2,0.0417064784372167,0.04785743101794923,0.048667818312607004,0.05239816021478917,0.03340584546915468
Se7en,0.012344775970655907,0.04045854388518698,0.0220517207946247,0.05676796718197549,0.023449987323807205
Seabiscuit,0.05047935387372103,0.03702489654960817,0.06840078979696072,0.05140008647790924,0.04104488922832399
Selma,0.03969111734863157,0.031115701063552926,0.0656032807585732,0.05218055147445555,0.02447478794613035
Semi-Pro,0.011226337102764376,0.02055689839670057,0.02187977383623457,0.007313642799319717,0
Seven Years in Tibet,0.05263337073507399,0.06966301667311073,0.061096213864069084,0.09074689498065848,0.041235351897970396
Shakespeare in Love,0.10376787163814305,0.10401744423675069,0.10293796480778356,0.11893797273339206,0.09371059876266741
Shark Tale,0.028138138146736255,0.025683801911587735,0.014357877009172177,0.026615958548390654,0.021287055852913933
Shaun of the Dead,0.047311303558335384,0.039274496349143144,0.08358579847053697,0.04590326888453772,0.025699227600326068
She's the Man,0.05738227424066218,0.0617433509123201,0.05379838985130448,0.06685339532786533,0.05568833428161807
Sherlock Holmes,0,0,0,0,0
Sherlock Holmes_ A Game of Shadows,0.02545932102534229,0.04311291413930386,0.027856916621794774,0.06196530505149166,0.0328523071713586
Shine,0.0938249821503454,0.05110321259864127,0.05584074222876178,0.0647073065035871,0
Shooter,0.017438068612364667,0.03114197951097506,0.0432039581572006,0,0.02334076313117595
Shrek 2,0.14870500197309441,0,0.04049508548908185,0,0
Shrek,0.07366895393216337,0,0.06480132780458193,0.07749611413770488,0.048516584037364995
Shrek Forever After,0.04769038727303724,0.05353221733459159,0.07985615446220803,0.053534153125053316,0.04037024877078336
Shrek the Third,0.031100455719843007,0.03306240148561259,0.04274029455376835,0.04835552627254139,0.03743641178388582
Shutter Island,0.021634472905320935,0.021859603372868398,0.019940869038587345,0.02704917443685495,0.033802355665009574
Sicario,0.014315141329407033,0.024861337282398033,0.03552620756444197,0.03805310994799164,0.0224669447794454
Signs,0.014177088847526506,0.01306731818958212,0.023028451681341034,0.020259778444490138,0.010481381285356042
Silence,0.04156842657191049,0.027216910421346708,0.021798950069305115,0.04098168506611488,0.02286128280149098
Silent Hill,0.006528224773186722,-0.010504156592918146,0.002809519255781317,0,-0.013912736997976918
Silver Linings Playbook,0.07154168518617389,0.06380908268198575,0.05823901565191909,0.07625327735548541,0
Sin City,0.008711353042236225,0.015556056159461982,0.02433121945739801,0.022899592650024732,0.013585419598398825
Sing Street,0.08883103264223219,0.08767546840877516,0.08308888067084524,0.10247676031276542,0.07857831662841967
Singin' in the Rain,0.04621820043687491,0.05190726767751545,0.059007385433388536,0,0.04811615395808977
Sinister,-0.022505314485128828,-0.004205119068269148,0.03100700369728634,0,-0.026889487451529068
Skyfall,0.01713887758093868,0.007630548510687134,0.025750082623870574,0.01877175455480855,0.009949907293538741
Sleepy Hollow,0.013544298188706476,0.03510400185105338,0.0539647686209317,0,0.03145677770725409
Slumdog Millionaire,0,0,0,0,0
Snatch,0.036742645078670914,0.030446819524055282,0.05682977099498121,0,0.01705540224651508
Snow White and the Seven Dwarfs,0.04415245186391451,0.043045507172503224,0,0.07694906003458774,0.052371445925084546
Snowden,0.03436253380209227,0.03656676524727978,0.046725751625619046,0.05753702588466633,0.025972920281801832
Source Code,0.03796751825002909,0.0434262719289969,0.05759440350831921,0.06531262842124513,0.03871541031313891
"South Park_ Bigger, Longer & Uncut",0.0301125915950666,0.027940977145155997,0.022910130555779295,0.041533509380269666,0.022168132175601738
Southpaw,0.02784491737436367,0.03797565740555861,0.04766106945734449,0,0.030118182739648846
Space Jam,0.01969264531475973,0.015967558707661374,0.031996409122832525,0.012010838095349991,0.024743004029867524
Spartacus,0.029665301412828565,0.05151598397849044,0,0,0.03076073525954815
Spectre,0.03328218555516839,0.026093243610340947,0.03520050595079425,0.029346986286399812,0.027387190740480377
Speed,0.040244184747614625,0.005052242222780863,0,0,0.00637089523488357
Spice World,-0.005896213016128754,0.0010351412515829214,-0.008542073372385585,0.0033294237836932142,0.002326822242090356
Spider-Man 2,0.05665423327058397,0.05779863119908755,0.05304269524035584,0.057238137969721554,0.0565869813657543
Spider-Man,0,0.07369024762103203,0,0,0.013877375125266517
Spider-Man 3,0.008648099258741755,0,0,0,0
Split,0.036303533947635185,0.012377639505923615,0.023857255249996965,0,0.031895699059924676
Spotlight,0.07043735269644977,0.05576842179409603,0.05269553518562278,0.07882897251011317,0.058532814278753904
Star Trek,0.046296276700370564,0.03631823339013937,0.051064318342289354,0.048470182485831216,0.041047784776842164
Star Trek Into Darkness,0.027378299910914065,0.014284423434390346,0.03275946192425146,0,0.023582839539387397
Star Wars_ Episode I - The Phantom Menace,0.019166393595162253,0.009334743166578013,-0.004890435109498083,0,0.04584001095137637
Star Wars_ Episode II - Attack of the Clones,0,0.03144662167375695,0.0481670727681465,0,0
Star Wars_ Episode III - Revenge of the Sith,0.022036589585194555,0.007678038635809747,0.003428369034876551,-0.008396566452143346,0.016977885494134076
Stardust,0.05907764685745772,0.05031239103860684,0.09283267436265902,0,0
Step Up,0.06360503883506427,0.054043119411614424,0.06465513661742082,0.05358931193818436,0.05718293160759889
Step Up 2_ The Streets,0.06596272830090641,0.03137476268700767,0.09819816185912782,0.05228377521881486,0
Steve Jobs,0.03803874556327608,0.02523333377388881,0.049382575004057086,0.03912232738708761,0.03103062645956905
Stop-Loss,0.010472143015431312,0.024165014773710053,0,0.037304753521259226,0.01873771370639645
Straight Outta Compton,0.029827360076204495,0.02345776878882198,0.05597405475758739,0,0.027014108784693992
Stranger Than Fiction,0.06623994648650082,0.05569361993189905,0.05728703827268262,0.06624800991357893,0.060265965392569947
Sucker Punch,0.015391056897164393,0.011011805498041543,0.02370199688478157,0.023225136474379116,0.01031657203074804
Suicide Squad,-0.008453938280361594,-0.009634512486237978,-0.015540944637507104,0,-0.002451644051355239
Sully,0.06454313924661895,0.04814922106759975,0.058545764530841114,0.049965608898560825,0.05040381033470615
Sultan,0.10318446840524573,0.08866686404554511,0.10517295078297326,0.10627794864778511,0.09827728531535064
Super 8,0.03560365469769781,0.028686532795382656,0.0555435885669755,0,0.02504640157792589
Superbad,0.025491265370236302,0.019373253727985797,0.008685811065093241,0.028083591474628328,0.012559411763879582
Sweeney Todd_ The Demon Barber of Fleet Street,0.03647190562512467,0.018381466562484586,0.028574514158801263,0.01624461992323424,0.03449755775854382
Sweet and Lowdown,0.09103300475270265,0.07570410021640343,0.09916318126171354,0.09569118748620242,0.07307846161015638
Taken 2,0.005614956443084292,-0.0006221950312308265,-0.008098760911109601,0.0052261782041936634,-0.0036618461308886717
Taken,0.06031795374874445,0.026009969312445327,0.012723010592182277,0.04049914194927476,0.01630569022280386
Talladega Nights_ The Ballad of Ricky Bobby,0.009698884270460196,0.026322252000007745,0.015313795180807964,0,0.018228795351310906
Tangled,0.059247933862427306,0.07326431868631506,0.07708082368357885,0.08633066002328868,0.06582559279408724
Tarzan,0.08535177267919573,0.07834109523075591,0.10118334015874711,0.10465787121665282,0.06841065954948838
Ted,0.02702472814948987,0.024119727083763535,0.043759182646490986,0.015417312221533128,0.0214465766504895
Terminator 3_ Rise of the Machines,0,0,0,0,0.0029932429140981905
Terminator Salvation,0.017390964670543584,0.0155227953309369,0.021724896406162444,0,0.019949608883321177
That Thing You Do!,0.026972139523600547,0.04449779811423788,0,0.07517857551022661,0.04626982885212924
The 13th Warrior,0.030516134285322433,0.01965472051467389,0.030606012593445763,0,0.02836523508092666
The Adjustment Bureau,-0.020691140653862235,0,0,0,0.030536035750380212
"The Adventures of Priscilla, Queen of the Desert",0.1126324699018296,0.04257132338852441,0,0,0
The Adventures of Tintin,0.05753266054058987,0.05084302635464175,0.12605732848907955,0,0.044460428457788706
The Alamo,0.040397006083759686,0.035919255077342865,0.07086508509789319,0,0.030333025293549348
The Amazing Spider-Man 2,0.022609160714949186,0.02565962649215897,0.04224470445270159,0,0.021703655877073694
The Amazing Spider-Man,0.05817023462621572,0.03952849609540329,0.04572269090312578,0.03755586891662478,0
The Artist,0.06854325755637802,0.07632938230912434,0.12604256326713437,0,0.08111070817278648
The Assassination of Jesse James by the Coward Robert Ford,0.010971293893008204,0.0129654450557913,0,0,0.01850536257096648
The Avengers,0.05637767388943179,0.05697289244887857,0.06719871261891334,0.08007005239913052,0.04498339253872219
The Aviator,0.05111829146279201,0.06369938359821083,0.062074858060992555,0.0652269107685299,0.06213952363892535
The Babadook,0.004848894275620982,-0.011368859928401889,0.01261885732758175,0,-0.011329893080436975
The Beach,0.018213460968703517,0.011356990303831044,0.03498090592593064,0.014739047545716512,0.016976924016607265
The Benchwarmers,0.016313533580683878,0.003782934748050623,0,0.009649998536428613,0.01469127506451455
The Big Lebowski,0.05874787515944723,0.03873760605028857,0.04385878342515381,0.053860417181348,0.05250822799611926
The Big Short,0.05005825216169358,0.03029438328965145,0.04475205576667231,0.03998933024141311,0.02209016566053046
The Birth of a Nation,0,0.0015325822010508609,-0.020714326684274184,0,0
The Blair Witch Project,-0.026001096457096196,-0.018479272939589477,-0.00040974303608598377,0,-0.030243769818601385
The Blind Side,0.05656175583710826,0.06426558339081037,0.06483036369920508,0.10187802966331126,0.05085844620910305
The Book Thief,0.06922957186258032,0.039337835832539865,0.042687738942416335,0.053483624658067885,0.07165172067493794
The Bourne Identity,0.05655060934697867,0.06691352637752161,0.08261923990327935,0.061285813105698514,0.040464932726739795
The Bourne Legacy,0.056226760545934826,0.028000464521143513,0.03936810907866052,0.025712821009611492,0.03331477504800387
The Bourne Supremacy,0.03913604173219009,0.045322701895526785,0.04042222970471464,0.06032521043572827,0.034770633637762116
The Bourne Ultimatum,0.04121352774068017,0.04244078164187773,0.04374513422305454,0.05884579646034435,0.032832228613396346
The Bridge on the River Kwai,0.07307787227543573,0.04258265439698125,0.06975185603647993,0.0659553007576248,0.0573464454787877
The Butterfly Effect,0.016326296934990565,0.019058211236135693,0.017925050108297796,0.020019659369327515,0.018039525438061848
"The Chronicles of Narnia_ The Lion, the Witch and the Wardrobe",0.04304206645019328,0.05132040001567348,0,0.05890701622609248,0.05948642253113841
The Conjuring 2,0.04044259796024519,0.022480405947459363,0.029860474420766014,0.05280075999987575,0.007476713022959014
The Conjuring,0.0021873804254435407,-0.007547250593281673,0.00021425575979869228,0.003589325250697988,0.00080832056591766
The Croods,0.06570517917803405,0.059277022740168134,0.061133687614998135,0.07412808876382351,0.044425956716512754
The Curious Case of Benjamin Button,0.05176877041882644,0.03948255878002014,0.043089307056931064,0.042213328352961425,0.05002713836629369
The Da Vinci Code,0.044509043133554256,0.03541024235997973,0.036696882333026766,0.035569275826692864,0.03941680948958714
The Danish Girl,0.07095775719926724,0.04753312333817152,0.06210130914591472,0.050902342841739785,0.07274385486659267
The Dark Knight,0.023990543040411497,0.011613678165910891,0.032635329784494606,0,0.00585048700318882
The Dark Knight Rises,0.032796816180678104,0.034908271282007755,0.05802782203915369,0,0
The Day After Tomorrow,0.013009506396471806,-0.0010502587007167146,0.022363798800853207,-0.000123044189962162,0.006823620157816632
The Departed,0.061160443722122156,0.06874043830596867,0.11229004381177475,0.03376468960424774,0.04751979786527188
The Descent,-0.02938476847533583,-0.011619872136123694,-0.00509043504468724,0,-0.016655512164684874
The Devil Wears Prada,0.03882439805382834,0.03522630023276159,0.03460019450424681,0.04165925471570777,0
The Devil's Advocate,0.02797683366953624,0.027337244553216816,0.04347951442363681,0,0.03621630188723361
The Doors,0.04314257715180589,0.03162730063896831,0.05934914205259571,0.025019356018002634,0
The Duchess,0.036432402286389914,0.058878686070541864,0.05789165110320142,0.07117742777230629,0.04246175335851375
The Emperor's New Groove,0.06676339783421577,0.05946463781524081,0.06149869526704103,0.07054425792153855,0.043580585034061016
The English Patient,0.06010808574448991,0.05494329781434386,0.1116537784270256,0,0.05267508112878198
The Equalizer,0.028099811588896864,0.016586453424292713,0.04289127085534914,0,0.009161850737535641
The Expendables 2,0.01197323730951039,0.013146639866222418,0.02760816478933427,0.01779125121078195,0.014870740610886682
The Expendables,0.0034529036973971945,0.00035888848643517157,0.024815247725155143,0.004202253157955263,0.008338369268456023
The Fan,0.09694094662230773,0,0,0,0
The Fast and the Furious,0.027732320774661225,0.02273636043289584,0.013715881486937982,0.006803386924944294,0.03665707463875115
The Fault in Our Stars,0.04314033067084923,0.04262405705008311,0.05273230480468292,0.051937142163261216,0.039194734364402135
The Fifth Element,0.03226749155083838,0,0,0,0.007294191923391695
The Fighter,0.03575564399449562,0.05788835838394361,0.05363280351146741,0.04193541190751711,0
The Finest Hours,0.0322978744117314,0.016936851526894933,0.031752301473840894,0.024175819952798112,0.020997878756361575
The Football Factory,0.09839225786630246,0.005800943981566418,0,0,0.012910507229331422
The Fountain,0.02240631709689351,0,0.03353772089950406,0,0
The Game,0.04259167385322992,0.03839369535460416,0.03503177284023489,0.051479714181618466,0.03205969993716113
The Girl Next Door,0.050733681655064505,0.054762480064902655,0.04432788679221623,0.05439934834737527,0.047893915941167764
The Girl with the Dragon Tattoo,0.031344009151835175,0.03562856293652959,0.07850734019315952,0,0.03561460488954557
The Godfather_ Part II,0.04539583965890374,0.060349455505706036,0.06436970704661867,0.07106078571406307,0.05454865254710556
The Good Shepherd,0.002567952800189196,0,0.0028384894041536077,0,0.005568793293759805
The Grand Budapest Hotel,0.055544388879830195,0.057730074374972955,0.09503686209711952,0,0.05750533004950231
The Great Gatsby,0.030940736740606795,0.040707372060007116,0.0962123687385339,0,0.043486362397245244
The Great Raid,0,0.007103649373517137,0,0,0.0269644938429343
The Greatest Game Ever Played,0.10332486927337714,0.07069536846533978,0.06258074800260932,0.08307826009555933,0.08990618495014883
The Green Mile,0.060358272766513926,0.039968647157189535,0.06597443348531565,0.049744481066671155,0.0529570859054041
The Hangover,0.03763755619353054,0.026265772689418394,0.004771599650456391,0.03722859975605756,0.015999556123129765
The Hangover Part II,0.0027380872368313112,0.008148983781124742,-0.0002798754920286539,0.01985002900815635,0.0036473837791950662
The Hangover Part III,0.003033091898209952,0.009035968125542894,0.024588936287186114,0,0.0019250188441360117
The Happening,-0.010637511185604392,-0.027512133101916757,-0.028197819654802333,-0.04097251831601268,-0.012224565951200686
The Hateful Eight,0.025683058399296306,0.02390699450111069,0.058509538329961024,0,0.020911339818872946
The Hills Have Eyes,-0.004437808465110859,-0.0023004320320947746,0.002497544214248887,0.013845981746753092,-0.0062115416739959095
The Hobbit_ An Unexpected Journey,0.031121756589953923,0.03433156064667698,0.04468504439651155,0.0441602252192624,0.031230278848231558
The Hobbit_ The Battle of the Five Armies,0.022846724711366395,0.02486231950468719,0.011655442131680781,0.018856823521358205,0
The Hobbit_ The Desolation of Smaug,0.01978774724353358,0.017907631526111464,0.040289265589444165,0,0.022955003785639836
The Holiday,0.08884440248284697,0.06881596930208823,0.061397509724046714,0.0740915104284262,0
The Hunger Games,0.01027803099121194,0.0038480537716496666,0.013937702135797854,0.004019049936861861,0.006977544298824706
The Hunger Games_ Catching Fire,0.021246091372304668,0.019292108772048216,0.03783488933423923,0.020219051184400226,0.024855074017877215
The Hunger Games_ Mockingjay - Part 1,0.023702990429790807,0.019050669770530756,0.031347397843943935,0.026849023180403362,0.011252316360658154
The Hurricane,0.05471969426970849,0.05473008895266096,0.057220150057134975,0.0811658400558361,0.048473259780704964
The Hurt Locker,0.023489387535379908,0.02538694327708152,0.02884884028213196,0.03587982127237679,0.01954565694856816
The Hustler,0.019680021283128055,0.0469066064661931,0.016154731378634758,0.04374621163398038,0
The Illusionist,0.06956783342258206,0.07387050409442314,0.07694214864682787,0.0745565771669443,0.07443700356354392
The Imitation Game,0.04809591411806424,0.06402407060590266,0.0957411730101913,0,0.06623336822295903
The Incredible Hulk,0,0.014995365545332049,0,0,0.02451976620318326
The Incredibles,0.05549184488173217,0.041134871817258195,0,0,0.03669250703377182
The Insider,0.061256461608311316,0.06523542180970227,0.15389943156450914,0,0.05140307111206862
The Iron Giant,0.06820493618702177,0.0529340721295885,0.10588643508774404,0,0.03388105455765967
The Island,0.0885737718250876,0.0445739064122285,0.0485844979169008,0,0.036260587044121564
The Italian Job,0.05071121044690625,0.04305835630285217,0.047760662145975616,0,0.0721127919949962
The Jungle Book,0.14861467545443663,0.08274960618945149,0.15191585586950263,0,0
The King's Speech,0.036978812194426454,0.036266364393967465,0.028381426287155693,0.042443452802867265,0.03592796060923056
The Last King of Scotland,0.022941535756772803,0.029777729720027797,0.021840135582884213,0.03258815415691846,0.02525824871638616
The Last Legion,0.016677301461690417,0.0417410278662794,0,0,0
The Last Samurai,0.03872773834420973,0.027385277028111846,0,0,0.03805380437321665
The Last Song,0.02237493570957853,0.03148077912388366,0,0,0.047715412745527055
The Legend of Bagger Vance,0.06535751906136723,0.034803114512938584,0.02553902531286454,0.04258668736384931,0.05026968600314544
The Lego Movie,0.0551867980747105,0.04770182436661526,0.14085965850698387,0,0.04576230999894371
The Lion King,0.10159305832140932,0.09008173333404301,0.1013658740079563,0.12020328419107042,0
The Lobster,0.0043966227261297165,-0.005513678374320574,0.01877172904775905,-0.006644517879084691,0.003335350436215379
The Longest Day,0.04487936863273069,0.03548486506523957,0.05884121061184889,0.04911838756155875,0.045150216876212255
The Longest Yard,0.013965718876293498,0.023511795139711907,0.07998360934946401,0,0.03967827572925915
The Lord of the Rings_ The Fellowship of the Ring,0.0586500825495313,0.07316749946426465,0.0532804489176347,0.0707011654109236,0.06818270531761537
The Lord of the Rings_ The Return of the King,0.12894509053481978,0.058918139275580955,0,0.07720879927626438,0.05036897968384726
The Lord of the Rings_ The Two Towers,0.05482936785556125,0.05332066173445848,0.05801971084527148,0.0621006257483563,0.05270403041866858
The Lost City of Z,0.03772331287488498,0.02207273835363575,0.037515435394744126,0.041901675892785664,0.02134967800013522
The Lost World_ Jurassic Park,0.022033632087275313,0.024065967202040878,0.026997603812276647,0.0273474716151463,0.021744459135496965
The Love Guru,-0.012690673777522941,-0.01825995132765586,-0.05331075886310001,-0.03215094257718194,0
The Machinist,0.03639539793233791,0.015366582788897961,0.008552011906934111,0.01116200866243304,0.015898108579219958
The Man Who Would Be King,0.047473027812354275,0.05637716825310988,0.05117293595203175,0,0.04805428649387865
The Martian,0.02422355859277731,0.020482508827059577,0.027730210383512782,0.027390633646529987,0.023281059153854016
The Mask,0.06402459063589751,0.06708732420694077,0.09914829485846198,0.09535045287009655,0.038824195543784995
The Matrix,0.01631858252576782,0,-0.011674168990685239,0,0
The Matrix Reloaded,0.030748731549995884,0.01625663916561257,0.023441511250651977,0,0.020340593601625614
The Matrix Revolutions,0.010487885085237368,0.01311880647588419,0.008659479805191989,0.012846430856136529,0.011813947998818563
The Maze Runner,0.00926859378589249,0.0032274652420546937,0,-0.002417182984266559,0.01225486156352414
The Men Who Stare at Goats,0.029904859990949408,0.03148566103225733,0.04488235999274015,0,0.03295638077057518
The Mist,0.01739107115861899,-0.003120739419214707,0.00146558996104219,0,0.0006923606684165577
The Monuments Men,0.02741590112547999,0.02686790345116925,0.03791184673392202,0.026960902587597,0.031217882020215994
The Mummy,0.042081030568032904,0.02563992187959004,0.03538931428954548,0.030305091209381775,0.03951473301287817
The Mummy Returns,0.03458955531917062,0.03133739567085178,0.038975609362781105,0.03329595364820247,0.03372751085272256
The Natural,0.03779892324498068,0.06799581479839457,0.16362780784188213,0,0.05504515885788319
The New World,0.04459922037178599,0.032832957348516704,0.03723832284786484,0.025365205540625848,0.03927991372022665
The Nice Guys,0.02464178889007303,0.024489346155371593,0.027832695768080607,0.030356000543084814,0.012620816040917327
The Notebook,0.05538363372035867,0.056713095160316356,0.05643076867996596,0.06051204354833718,0.05408635407485234
The Number 23,0.020224011302441662,0.021405381156270477,0.032016123581932066,0.022722956430825975,0.022488751976682254
The Other Boleyn Girl,0.04558880081869143,0.037751610644213895,0.04986591848971895,0.03858305918183148,0.0347809374422328
The Others,0.021018245050597555,0.027915212905907694,0.07109941567676875,0,0.03238851830710239
The Ottoman Lieutenant,0.04721661111670199,0.01642908695473227,0.007754592773300548,0.013135422092335803,0.031301057921557435
The Patriot,0.04008816703820582,0.025674387870682845,0.029457120653660875,0.03369730926748089,0.029194632448648734
The Perks of Being a Wallflower,0.035489390598043465,0.04281510539686159,0.04401529531287377,0.05440377255309488,0.05072437109951941
The Pianist,0.028817059130385698,0.04284242635006671,0.03455724006904386,0.0470853514719627,0.03725208084179509
The Piano,0.0640489264230702,0.03837661245375404,0.04735774291197062,0.050669526625483685,0
The Polar Express,0.04247698277453138,0.04496839867517726,0.050099944799054094,0.06939299202976813,0.037487118936050695
The Prestige,0.06462674744258422,0.05539979572093266,0.057523491645923124,0.0723087136985589,0.05981591644159747
The Princess Bride,0.0692321320435537,0.07096239365235575,0.07906507613469424,0.08425586096110035,0.053822205132346784
The Producers,0.023818070980222372,0.02987761434822329,0.08513461805622813,0,0
The Proposal,0.047795188093559274,0.048748978957096165,0.07014624750808067,0.05111853815204769,0.03591177422059126
The Purge,-0.017782250297347375,0,0,0,0
The Pursuit of Happyness,0.06457483697870287,0.038435729497578765,0.12529310972272992,0,0
The Queen,0.052196879010440206,0.04593821802933146,0.0455021479145543,0.06478573605910094,0.03860191614347808
The Reader,0.05053709103088031,0.03155643872423053,0.032455970877568435,0.04365304098273082,0.04275217026328513
The Red Violin,0.11799284962358886,0.057624851168671894,0.08807375739507692,0.08144790927733568,0.06186547858120169
The Replacements,0.05706605500504838,0.06643389647099769,0.051904109791672905,0.07040406607731968,0.046350243449330406
The Revenant,0.0076394436449718755,0.005455265086301795,0.017549556265527677,0,0.020995496057871498
The Ring,-0.0028861749234544813,-0.015025076695696454,0.023288972830891517,-0.0020369437515014265,-0.00018188153472083537
The Ringer,0,0.061728086263518625,0,0,0.02760281180130334
The Rock,0,0.02156329401424506,0,0,0.025514009946515624
The Rocker,0.007319741307612248,0.024746830528349095,0,0,0
The Rookie,0.06365551751765673,0.06089811041095926,0.1338043654058725,0,0.0772437631997714
The Runaways,0.04140563934811205,0.0265984972669115,0.05276077235490078,0.030377655837428387,0.03661539711091947
The Secret Life of Pets,0.022827840189576287,0.029208139523169738,0.03165253494608898,0.02742689639637364,0.031210433415340216
The Secret Life of Walter Mitty,0.0593640737111053,0.06460708434195381,0.07500782567674232,0.08247548297805682,0.06288516929713865
The Shawshank Redemption,0.10456129821328415,0.0665672733354169,0.06046267461833485,0.08942064720560308,0.06399636571458185
The Simpsons Movie,0.02258662739708615,0.033904501558303775,0.042061285877140704,0.043353125079041176,0.028742063866893836
The Sixth Sense,0.062173980627976896,0.05999725693593359,0.035692943755698675,0.0602016580607057,0.051759551792673886
The Social Network,0.055389259865909014,0.055508500667797236,0.06574908193668247,0.07435331402513143,0.05671915664932481
The Soloist,0.05425742517865152,0.04034306433525551,0.05909314770397112,0.04418713577461802,0.037119249318375784
The Sound of Music,0.10234777662490062,0.08220337328248106,0.1356752223682965,0,0.09135207667416738
The Terminal,0.02051092947463413,0.0270597334217327,0.03996997386378789,0,0.025718814611176116
The Terminator,0.019383740601875362,0.01858504179037742,0,0,0.019526406887852798
The Theory of Everything,0.03822521120029512,0.0634565624684147,0.061566249288087245,0.06860236322444582,0.061217129744103205
The Thin Red Line,0.023642052474260194,0.017318727924325362,0.03419631172776194,0.021703702908367206,0.02002127253610966
The Thing,0.040049804671962244,0.015990217346596565,0.03691270869009742,0.028950265163615582,0.0391460220396769
The Town,0.021420216616567865,0.0192956062007208,0.04460535218577233,0,0.020003809672669823
The Transporter,0.0005158668922849084,0.011400808716691573,0,0,0.01659437846030953
The Truman Show,0.07476183393786638,0.07372128816638675,0.12072720662712665,0.06994946834086507,0
The Twilight Saga_ Breaking Dawn - Part 1,0.010262220231838847,0.00541844787069112,-0.0030931156634132506,0.001014800282266564,0.00688633040016597
The Twilight Saga_ Breaking Dawn - Part 2,0.023767311304575756,0.011723832523596489,0.024488670705263674,0.010212927483749318,0.015216315523795541
The Twilight Saga_ Eclipse,0.003829151864682772,0.01700808734114339,-0.0024159544274942753,0,0.01728298649169455
The Twilight Saga_ New Moon,5.795258501273184e-05,0.013979911584877429,-0.0008774738393027321,0,0.012247402095969105
The Ugly Truth,0.0021685454599036625,0.00864010995196994,-0.00030938129952989965,-0.001360815984351756,0.005393090474829478
The Untouchables,0.01815684505959826,0.0022537889090420344,0,0,0.04364698128582973
The Usual Suspects,0.10123919820898164,0.06730445783801262,0.08146386744417425,0.09041627470676447,0.06383166546237669
The Village,-0.0016643170589621605,0.006146300204938527,-0.0012943133392335176,0.0054472657164728756,0.003885449536039184
The Water Diviner,0.04379407023854929,0.032092968589387295,0.03715971235828666,0.043438774474147776,0
The Waterboy,0.019873664004914356,0.017886232435018107,0,0.02261957954255292,0.014170691757789945
The Way Back,0.04217337889463733,0.026647737998745872,0.041010835788143185,0.04608430757422491,0
The Wedding Singer,0.06401981059894382,0.07063072658886474,0.11655113534823336,0.07796695876648244,0
The Witch,0.009472826958837808,-0.001666539757577393,-0.004289019727386047,0,0.0016655011430178775
The Wolf of Wall Street,0.03593586196389622,0.027479590000901628,0.03027218323224901,0.03243284941522346,0.028373771071548693
The Wolverine,0.014811359790241856,0.017515939334233552,0.027786706318204606,0,0.02181129649932267
The Woman in Black,-0.022422731648739917,0,0,0,0
The World's Fastest Indian,0.07219595595983688,0.06706383788297925,0.13392486033336085,0,0.05218068084761235
The Wrestler,0.020109048507246756,0.025753861589956618,0.05112586995515071,0.04475756841879487,0.02999939594752718
The Young Victoria,0.04862739525320662,0.041264661869527784,0,0.07863521483941724,0.044536126548766396
There Will Be Blood,0.0035940253533943713,0.003985441905561018,0.023865377127630694,0,-0.0026412031684622077
There's Something About Mary,0.030737631320324275,0.030217526740791846,0.009499400866551069,0.03628951568138281,0.01995696492836085
Thirteen Days,0.13337418259712358,0.0423501378991566,0,0.05763291299499623,0.04921583509071921
This Is the End,-0.004259702801297066,0.011705197259993269,0.00029332844133089444,0.015804724862216683,-0.004361668129053919
Thor,0.05778670727993288,0.05369354868381494,0.052024460600655104,0.06266386716279995,0.04534132810473357
Thor_ Ragnarok,0.04292608576162479,0.03049178016778887,0.028942758085156277,0.032943668579950215,0
Thor_ The Dark World,0.01897979118707828,0.037379965903578,0.03452280629994276,0,0.024986784538165645
Tigerland,0,-0.025694569817017246,0,0,0
Tinker Tailor Soldier Spy,0.001945108167805269,0,0.011101010384781144,0,0
Titanic,0.022877912029271266,0.034883768494674575,0.04946302538485247,0,0.035739765633123144
Tombstone,0.10209933662567901,0.06180730414428484,0.08547180747939402,0.07103962462883798,0.06354059159961915
Total Recall,0.029197316008652864,0.02298330770220011,0,0,0.012545830337268665
Toy Story,0.08759142780480095,0.07601523918836679,0.08719986559635283,0.09709005489450895,0
Toy Story 2,0.06631013755937051,0.06856924910056608,0.0808624076351967,0.08335217716226087,0.06281168323764642
Toy Story 3,0.0416212891839666,0.03783458532352402,0.034209825118656854,0,0.03791555715131173
Training Day,0.04782505364257314,0.027785810656599852,0.03916935352534469,0.04644670318972349,0.04163476872116137
Trainspotting,0.0462002112625671,0.0252444479107436,0.0429641379725895,0.05163425214751747,0.02252742746826841
Transformers,0.0005586540693049124,0.009827912058494502,0.020224284218753986,0.004105253264506498,0.011304674705469905
Transformers_ Dark of the Moon,0.015171166675055164,0.014778045626309976,0.023898409244086226,0.01555206759090495,0.01730215218917208
Transformers_ Revenge of the Fallen,0.0011769068098742596,-0.0023987917024220354,-0.004269151068442439,0,0.0028367983416644716
Tropic Thunder,0.01467823522161962,0.023394017486102234,0.04028510949660496,0.035588455991045154,0.001806002624003505
Trouble with the Curve,0.05486774373768847,0.04794844131360153,0.04697250229631737,0.055707245733208025,0.048083683097242036
Troy,0.03933230478088379,0.02642342912170566,0,0.03401506437297152,0.042138399226581906
Tucker and Dale vs Evil,0.030854312462341764,0.021411528330042045,0.03900626293910436,0,0.019463831188098687
Twilight,-0.0036918809551536543,0.008035041580971356,0.013332370853398275,0,0
Two for the Money,0.030899038833255395,0.024716638009826854,0.02080532040640061,0.029542971467192147,0.023549275769176405
U-571,0.00985982530758616,0.00515142983953018,0.011216939423858556,0,0.00618635268666965
Unbreakable,0.03421390117245502,0.03751658217430029,0.05199415418278318,0.06148599393097398,0.03485194177737488
Unbroken,0.045417755947173746,0.02879689707626977,0.04115756928105989,0.039739908713267554,0.02332539125777088
Underworld,0.02575767246690561,0.01681764493782796,0,0.010753686194964692,0.01868775064519767
United 93,0,0.012471438390637331,0,0,-0.008566592430504498
Unknown,0.007531720843500257,0.01942320760265551,0.03286346193561692,0,0.010885508310884437
Up,0.06591399721672894,0.04335328804016002,0.05762586660396559,0.05144535111705899,0.04271610551016256
Up in the Air,0.03569558934937071,0.047295604696328354,0.04341002785638361,0.057862626704457056,0.038955731077594306
V for Vendetta,0.0393511011498998,0.03805952219304338,0.04099840043158344,0.05766159826509326,0.03390599974212291
Valkyrie,0.04217141476715722,0.04042435716031986,0.07043106674609109,0,0.03349102007945646
Van Helsing,0.019072816726156877,0.00944307124395443,0,0,0.011952488474224969
Vanilla Sky,0.044583742826296666,0.04747428494775231,0.049584532849661044,0.04345757981712119,0.05755919380731953
Velvet Goldmine,0.09097319678119059,0.03939077097471449,0,0,0.04260030545744839
Vicky Cristina Barcelona,0.05133224011215371,0.0562285682279238,0.05023525914502866,0.05044154116429568,0.058088816576044165
Walk Hard_ The Dewey Cox Story,0.021756409827993945,0.03206465066371799,0.032829683406515354,0.03946440218416722,0.02438455730197983
Walk the Line,0.07565531049903584,0.07971479339673343,0.08531994459616667,0.1027227337696433,0.08390229236453717
Wanted,0.012985024326440579,0.015420592595567372,0.0008349329262233967,0.002385100120786288,0.008132387751798182
War Dogs,0.03781779302306159,0.05599833239821154,0.030929269108742694,0.06641801214232157,0.040695524805648566
War Machine,-0.0038371907705355146,-0.009915487911750488,0.031477367599220374,0.017970122026788903,0
War of the Worlds,0.011066302442832791,0.011738384091310065,0.036391909942960605,0,0.007258048595056186
Warcraft,0.04618002296661737,0.04036739506820719,0.054557253315502166,0.04505159851542319,0.025774953803873825
Warm Bodies,0.05565461072952865,0.03136889653558782,0.045081792009813826,0.03945470091847771,0.02328309215269793
Warrior,0.02907712628808248,0.03530823688692297,0.05264231679820017,0.03466944939241881,0.0202868867086496
Watchmen,0.028172520291559804,0.030471589476441106,0.031040392916264384,0.046773357871348946,0.029128477833127997
We Are Marshall,0.06622738029907826,0.06555185534208773,0,0.0905380473759097,0.048286377293952416
We Were Soldiers,0.0549922069386126,0.02525292250284409,0.041573487056073,0.04426993733437665,0.030614057304962063
We're the Millers,0.010146047978517057,0.003937340638203757,-0.0012968354191540293,0,0.011609315245425385
Wedding Crashers,0.03217746231258886,0.040019112095951576,0.0636870155363982,0.04691838367518523,0
What We Do in the Shadows,0.022389447433476276,0.024548584037535133,0.0417330540227477,0,0
Whip It,0.03297871032574546,0.02619653171141075,0.07860921401668176,0,0.04479843419298717
Whiplash,0.01194925716603363,0.02388151686987301,0.042271680827509955,0,0.027379257166008156
Who Framed Roger Rabbit,0.053991263218803764,0.051939899120356806,0.06334301233423487,0.06539226016023372,0.05232724689241599
Wimbledon,0.042103266458505796,0.04866252780436419,0.041671158394989694,0.05458539019847668,0.04354595170699763
Win Win,0.05110919082097098,0.05887147085011274,0.04022814622904382,0.06197596243487775,0.048308090247995136
Wind River,0.03226241053783283,0.02018630088042589,0.023845730262250803,0,0.02042644059816605
Windtalkers,0.01127157343241949,0.010399482281143669,0.011578456492407133,0.015207086495185837,0.009403716094997766
Woman in Gold,0.046141212038408076,0.0484286859181202,0.03913894000125867,0.06556124887995482,0.05569966474641504
Wonder Woman,0.04511068941497993,0.048238222790117316,0.036584178219564,0.03555667333416617,0.05280790757056697
World Trade Center,0.037377174144407894,0.026869691140605036,0.03804061720255376,0.034515876196984145,0.02549587645700187
World War Z,0.022202243790946305,0.02420973479479269,0.005874573826511865,0.02085522983384677,0.009703890726541391
Wreck-It Ralph,0.04861331114078029,0.05116638908576386,0.07753977341952878,0.08641268984791428,0
X-Men,0.0673517800025851,0.055371596956681965,0.07171378709263032,0.043891850048927566,0.05057503648994149
X-Men Origins_ Wolverine,0.020279025400171763,0.009453983199874026,0.003797349556246936,0,0.00419957365213823
X-Men_ Apocalypse,0.032164010665244554,0.02942510548923196,0.02145481319858259,0.027613672012467068,0.022519725529925625
X-Men_ Days of Future Past,0.0452353736365517,0.03957243326290062,0.05354227727589555,0.04614547486103826,0.04073905794825003
X-Men_ First Class,0.0507454422774712,0.057407305385639096,0.04279245996775496,0.061698385143898554,0.0479543427975673
X-Men_ The Last Stand,0.011167561774003427,0.006614755965885044,0.008419017048966844,0,0.009363300690921627
Yes Man,0.021505093357184542,0.03246029807805443,0.0402716199601407,0,0.0688451806855487
Youth,0.03691139278828113,0.04115752054850855,0.04168752018031724,0.035950263785293195,0.041638085050002514
Zero Dark Thirty,0.05529492790474193,0.00844001996777752,0,0,0.00397561376807653
Zodiac,0.054397633719299635,0.037172759641951394,0.04910747878516966,0.05471785099939321,0.029240793598000553
Zombieland,0.04462068191750165,0.039293374699519754,0.05491952478586879,0.06273114025594172,0.03446349694867269
Zootopia,0.04151178228925454,0.059440974400589264,0.11637762802378737,0,0.04607986050068582
